"id","name","clientType","appName","webSupport","appStoreChinaAvailable","appStoreCoverage","appStoreUrl","googlePlayCoverage","googlePlayUrl","deletionMethod","deletionNote","deletionSource","privacyScore","privacyFriendliness","regulatoryFramework","privacyPolicyUrl","profileUrl"
"ether-fi","ether.fi Cash","Web 可用（含卡片）","ether.fi: Crypto Card & Spend（Ether.Fi SEZC）","Web 可用（含卡片）","No","168","https://apps.apple.com/app/id6670338367","174","https://play.google.com/store/apps/details?id=etherfi.app","App/网页自助","Web 设置页 Security & Privacy 底部申请删除；需余额 0、无借款","https://help.ether.fi/en/articles/842150-how-do-i-delete-my-ether-fi-cash-account","4","一般","明确 GDPR","https://etherfi.gitbook.io/etherfi/ether.fi-legal/privacy-policy","https://ucard.observer/cards/ether-fi/"
"ethena-pay","Ethena Pay","仅 App","Ethena Pay（Ethena Pay Ltd）","仅 App","Yes","175","https://apps.apple.com/app/id6763149705","","","App/网页自助","iOS App 内可直接申请删除账户及个人数据（条款）","https://pay.ethena.fi/terms","5","较好","明确 GDPR","https://pay.ethena.fi/privacy","https://ucard.observer/cards/ethena-pay/"
"plasma-one","Plasma One","仅 App","Plasma One: Stablecoin Card（Plasma）","仅 App","No","174","https://apps.apple.com/app/id6759033493","174","https://play.google.com/store/apps/details?id=to.plasma.one.application","App/网页自助","App Settings→Close account；资料删除或匿名化，KYC/AML 记录依法保留","https://intercom.help/plasma-6c43763cd799/en/articles/14285237-how-do-i-close-my-account","6","较好","明确 GDPR","https://www.plasma.org/privacy-policy","https://ucard.observer/cards/plasma-one/"
"redotpay","RedotPay","仅 App","RedotPay: Crypto Card & Pay（Red Dot Technology Limited）","仅 App","No","159","https://apps.apple.com/app/id6449689356","174","https://play.google.com/store/apps/details?id=com.redotpay","App/网页自助","App Profile→Security→Manage account→Delete；15 天冷静期；已认证身份永久绑定，不能再开新户","https://helpcenter.redotpay.com/en/articles/10522092-how-do-i-delete-my-account","5","较好","明确 GDPR","https://www.redotpay.com/privacy-policy","https://ucard.observer/cards/redotpay/"
"bybit","Bybit Card","Web 可用（含卡片）","Bybit: New Financial Platform（Bybit Fintech Limited）","Web 可用（含卡片）","No","166","https://apps.apple.com/app/id1488296980","167","https://play.google.com/store/apps/details?id=com.bybit.app","App/网页自助","Account 页→Delete Account（App/网页）","https://www.bybit.com/en/help-center/article/How-to-Delete-An-Account","5","较好","明确 GDPR","https://www.bybit.com/en/legal/privacy-policy","https://ucard.observer/cards/bybit/"
"crypto-com","Crypto.com Card","Web 账户可用，卡片以 App 为主","Crypto.com: Trade Every Market（CRYPTO Technology Holdings Limited）","Web 账户可用，卡片以 App 为主","No","132","https://apps.apple.com/app/id1262148500","166","https://play.google.com/store/apps/details?id=co.mona.android","App/网页自助","App/Web 账户可关闭，但须与 Visa 卡、Exchange 账户一并关闭","https://help.crypto.com/en/articles/3640569-how-do-i-close-my-crypto-com-app-web-account","3","一般","明确 GDPR","https://crypto.com/us/privacy/ireland","https://ucard.observer/cards/crypto-com/"
"metamask","MetaMask Card","Web 可用（含卡片）","MetaMask: Trade Crypto（ConsenSys AG）","Web 可用（含卡片）","No","172","https://apps.apple.com/app/id1438144202","174","https://play.google.com/store/apps/details?id=io.metamask","需联系客服/邮件/表单","关卡需邮件 metamask@cl-cards.com（Crypto Life 发卡方）","https://support.metamask.io/trade/metamask-card/card-faq/","5","较好","EEA/UK 数据权利（未写 GDPR 字样）","https://metamask.io/en-GB/privacy-notice","https://ucard.observer/cards/metamask/"
"gnosis-pay","Gnosis Pay","纯 Web/PWA","","纯 Web/PWA","N/A","","","","","需联系客服/邮件/表单","官方 DSAR 与永久删除账户指南","https://help.gnosispay.com/hc/en-us/articles/39579803506580-Managing-Your-Personal-Data-Access-Deletion","4","一般","明确 GDPR","https://help.gnosispay.com/hc/en-us/articles/39723694982548-Gnosis-Pay-Privacy-and-Cookies-Policy","https://ucard.observer/cards/gnosis-pay/"
"nexo","Nexo Card","Web 账户可用，卡片以 App 为主","Nexo: Crypto Wealth Platform（Nexo Capital Inc.）","Web 账户可用，卡片以 App 为主","No","78","https://apps.apple.com/app/id1455341917","173","https://play.google.com/store/apps/details?id=com.nexowallet","App/网页自助","官方关闭账户指南；需先清空余额","https://support.nexo.com/article/how-do-I-close-my-account","3","一般","未能核验","https://nexo.com/privacy-policy","https://ucard.observer/cards/nexo/"
"kast","KAST","仅 App","KAST: Global USD Account（Troia Limited）","仅 App","No","165","https://apps.apple.com/app/id6479701765","174","https://play.google.com/store/apps/details?id=com.kastfinance.app","需联系客服/邮件/表单","官方指南：申请永久删除账户及全部信息，邮件确认","https://concierge.kast.xyz/hc/en-us/articles/13932322248079-How-Do-I-Delete-My-Account-and-All-Associated-Information","2","较差","一般数据权利 / 他国法规","https://www.kast.xyz/en/legal/privacy-policy","https://ucard.observer/cards/kast/"
"tria","Tria Card","Web 可用（含卡片）","Tria: Crypto & Cards（Threely Dimensions Inc.）","Web 可用（含卡片）","No","170","https://apps.apple.com/app/id6745908653","174","https://play.google.com/store/apps/details?id=com.tria.v2","需联系客服/邮件/表单","卡条款：致电或书面申请关闭账户","https://docs.tria.so/card-terms-us","4","一般","明确 GDPR","https://docs.tria.so/privacy-policy","https://ucard.observer/cards/tria/"
"bitget-wallet","Bitget Wallet Card","仅 App","Bitget Wallet: Crypto, PayFi（BitKeep Global Inc.）","仅 App","No","174","https://apps.apple.com/app/id1395301115","174","https://play.google.com/store/apps/details?id=com.bitkeep.wallet","未公开","未找到官方删除指南；Google Play 声明“可申请删除数据”","","3","一般","一般数据权利 / 他国法规","https://web3.bitget.com/resource/policy.html","https://ucard.observer/cards/bitget-wallet/"
"wirex","Wirex One Card","仅 App","Wirex One（Wirex Limited）","仅 App","No","163","https://apps.apple.com/app/id6762381032","174","https://play.google.com/store/apps/details?id=com.wirexapp.one","App/网页自助","Wirex One App 设置→Delete Account（先导出私钥）","https://wirexone.freshdesk.com/support/solutions/articles/76000088350-managing-your-app-settings","5","较好","明确 GDPR","https://www.wirexapp.com/wirex-pay-chain-privacy-policy","https://ucard.observer/cards/wirex/"
"coinbase","Coinbase Card","Web 账户可用，卡片以 App 为主","Coinbase: Buy Crypto & Stocks（Coinbase, Inc.）","Web 账户可用，卡片以 App 为主","No","171","https://apps.apple.com/app/id886427730","174","https://play.google.com/store/apps/details?id=com.coinbase.android","App/网页自助","网页 accounts.coinbase.com/profile/close 自助关闭；需先清零余额","http://help.coinbase.com/coinbase/managing-my-account/update-my-account/how-can-i-close-my-account","5","较好","明确 GDPR","https://www.coinbase.com/legal/privacy","https://ucard.observer/cards/coinbase/"
"ready","Ready Card","仅 App","Ready: Crypto & Card（Argent labs limited）","仅 App","No","174","https://apps.apple.com/app/id1358741926","174","https://play.google.com/store/apps/details?id=com.ready.wallet","App/网页自助","App Settings > Account & Security 删除，永久移除","https://help.ready.co/hc/en-us/articles/28331539683357-What-if-I-want-to-delete-my-account","6","较好","EEA/UK 数据权利（未写 GDPR 字样）","https://www.ready.co/legal/ready-privacy-policy","https://ucard.observer/cards/ready/"
"send-card","Send Card","Web 可用（含卡片）","Send（Send, Incorporated）","Web 可用（含卡片）","No","165","https://apps.apple.com/app/id6748525971","174","https://play.google.com/store/apps/details?id=app.send","App/网页自助","App Profile→Security→Delete Account","https://support.send.app/en/articles/13489397-account-deletion","5","较好","一般数据权利 / 他国法规","https://support.send.app/en/articles/10916356-privacy-policy","https://ucard.observer/cards/send-card/"
"cashi","Cashi Card","仅 App","Cashi: Global Spending Card（Cashi Limited）","仅 App","No","169","https://apps.apple.com/app/id6767103364","174","https://play.google.com/store/apps/details?id=com.cashi.app","App/网页自助","App Profile→Personal details→Delete；也可邮件申请；需先转出余额","https://help.cashi.com/en/articles/14524290-how-to-delete-your-account","5","较好","明确 GDPR","https://cashi.com/privacy","https://ucard.observer/cards/cashi/"
"kraken-card","Kraken Card","Web 账户可用，卡片以 App 为主","Kraken: Buy Crypto & Stocks（Payward, Inc.）","Web 账户可用，卡片以 App 为主","No","159","https://apps.apple.com/app/id1481947260","172","https://play.google.com/store/apps/details?id=com.kraken.invest.app","App/网页自助","App Account→Account details→Close account","https://support.kraken.com/articles/203727206-how-to-close-your-kraken-account","5","较好","明确 GDPR","https://www.kraken.com/privacy-hub#request","https://ucard.observer/cards/kraken-card/"
"minipay-card","MiniPay Card","仅 App","MiniPay: Easy Global Wallet（Opera Norway AS）","仅 App","No","66","https://apps.apple.com/app/id6504087257","174","https://play.google.com/store/apps/details?id=com.opera.minipay","需联系客服/邮件/表单","通过在线表单申请访问/删除个人数据","https://minipay.to/privacy-statement","3","一般","明确 GDPR","https://legal.opera.com/privacy/","https://ucard.observer/cards/minipay-card/"
"okx-card","OKX Card","Web 账户可用，卡片以 App 为主","OKX: Buy Bitcoin BTC & Crypto（OKX Inc.）","Web 账户可用，卡片以 App 为主","No","169","https://apps.apple.com/app/id1327268470","166","https://play.google.com/store/apps/details?id=com.okinc.okex.gp","App/网页自助","App User Center→Security→Manage account 或网页 Security center 自助关闭","https://www.okx.com/help/how-do-i-close-my-account-web","5","较好","明确 GDPR","https://www.okx.com/en-eu/help/privacy-policy-statement","https://ucard.observer/cards/okx-card/"
"orbitx-pay","OrbitX Pay Card","待核","OrbitXPay（ORBITX NETWORK GROUP PTE. LTD.）","待核","No","172","https://apps.apple.com/app/id6744967631","174","https://play.google.com/store/apps/details?id=com.orbitx.consumer.app","需联系客服/邮件/表单","卡条款：致电或书面申请关闭","https://orbitxpay.com/spend-card-terms-us-consumer","2","较差","一般数据权利 / 他国法规","https://orbitxpay.com/privacy","https://ucard.observer/cards/orbitx-pay/"
"card-fi","Card.fi","Web 可用（含卡片）","","Web 可用（含卡片）","N/A","","","","","未公开","未找到官方删除指南","","3","一般","明确 GDPR","https://card.fi/privacy","https://ucard.observer/cards/card-fi/"
"moneygram-card","MoneyGram Card","Web 账户可用，卡片以 App 为主","MoneyGram Money Transfers（MoneyGram International, Inc.）","Web 账户可用，卡片以 App 为主","No","29","https://apps.apple.com/app/id6749724198","174","https://play.google.com/store/apps/details?id=com.moneygram.app","需联系客服/邮件/表单","通过客服 Contact Us 表单申请关闭档案","https://www.moneygram.com/us/en/help-center/faq/support/manage-profile","4","一般","一般数据权利 / 他国法规","https://www.moneygram.com/us/en/privacy-center","https://ucard.observer/cards/moneygram-card/"
"moto-card","Moto Card","仅 App","Moto Card（Moto Finance Inc.）","仅 App","Yes","175","https://apps.apple.com/app/id6755962355","172","https://play.google.com/store/apps/details?id=com.moto.mobile","App/网页自助","隐私政策：可在 App 内关闭账户","https://legal.moto-card.com/privacy-policy","6","较好","明确 GDPR","https://legal.moto-card.com/privacy-policy","https://ucard.observer/cards/moto-card/"
"avalanche-card","Avalanche Card","仅 App","Avalanche Card - Pay Anywhere（Rain Liquidity LLC）","仅 App","No","153","https://apps.apple.com/app/id6737233538","174","https://play.google.com/store/apps/details?id=com.liquidity.financial","未公开","未找到官方删除指南；Google Play 声明“可申请删除数据”","","3","一般","明确 GDPR","https://legal.avalanchecard.com/legal/avalanche-app-privacy-policy-945fafe7","https://ucard.observer/cards/avalanche-card/"
"tangem-pay","Tangem Pay","仅 App","Tangem - Crypto wallet（Tangem AG）","仅 App","No","174","https://apps.apple.com/app/id1354868448","174","https://play.google.com/store/apps/details?id=com.tangem.wallet","需联系客服/邮件/表单","邮件 support@paera.com 申请关闭 Tangem Pay 账户","https://tangem.com/en/help-center/privacy-account-management/","5","较好","明确 GDPR","https://tangem.com/docs/en/privacy-policy.pdf","https://ucard.observer/cards/tangem-pay/"
"naka-plus","NAKA+ Visa Platinum","待核","NAKA Pay+（NAKA GLOBAL d.o.o）","待核","No","145","https://apps.apple.com/app/id6752426105","174","https://play.google.com/store/apps/details?id=com.naka.nakapay","未公开","未找到官方删除指南","","4","一般","明确 GDPR","https://www.naka.com/naka-card-legal-documents","https://ucard.observer/cards/naka-plus/"
"takenos-takecard","Takenos Takecard","仅 App","Takenos（Takenos Inc.）","仅 App","No","13","https://apps.apple.com/app/id6499217598","174","https://play.google.com/store/apps/details?id=com.takenos","App/网页自助","App Mi Cuenta > Datos Personales > Eliminar Cuenta","https://help.takenos.com/en/articles/9731468-como-puedo-eliminar-mi-cuenta","4","一般","一般数据权利 / 他国法规","https://help.takenos.com/en/articles/11403396-politicas-de-privacidad","https://ucard.observer/cards/takenos-takecard/"
"western-union-stablecard","Western Union Stablecard","仅 App","Stablecard by Western Union（The Western Union Company）","仅 App","No","34","https://apps.apple.com/app/id6767097267","174","https://play.google.com/store/apps/details?id=com.westernunion.stablecard","需联系客服/邮件/表单","需联系 Customer Care 关闭全部卡与账户","https://www.westernunion.com/global/en/digital-assets-stablecard/frequently-asked-questions.html","5","较好","EEA/UK 数据权利（未写 GDPR 字样）","https://www.westernunion.com/US/en/privacy-statement.html","https://ucard.observer/cards/western-union-stablecard/"
"zar-card","ZAR Visa Card","仅 App","ZAR: Global USD Wallet & Card（GOLDEN AGE DEV LAB PTE. LTD.）","仅 App","No","163","https://apps.apple.com/app/id6670760051","174","https://play.google.com/store/apps/details?id=com.mobile.zarpay","需联系客服/邮件/表单","条款：可随时关闭，须先转出资金（方式未细说）","https://zar.app/terms-of-service","4","一般","一般数据权利 / 他国法规","https://www.zar.app/privacy-policy","https://ucard.observer/cards/zar-card/"
"airtm-card","Airtm USD Virtual Card","Web 账户可用，卡片以 App 为主","Airtm（Airtm, Inc.）","Web 账户可用，卡片以 App 为主","No","170","https://apps.apple.com/app/id1634470409","174","https://play.google.com/store/apps/details?id=com.airtm.android","App/网页自助","官方分步删除指南（满足条件后自助）","https://help.airtm.com/en/support/solutions/articles/47001286269-how-to-delete-your-airtm-account","2","较差","未能核验","https://www.airtm.com/en/privacy-policy","https://ucard.observer/cards/airtm-card/"
"fuse-card","Fuse Card","仅 App","Fuse - Solana Smart Wallet（Squads Labs Inc.）","仅 App","No","172","https://apps.apple.com/app/id6470302252","","","App/网页自助","隐私政策：使用服务内的标准删除功能或联系","https://fusewallet.com/legal/privacy-policy","6","较好","明确 GDPR","https://fusewallet.com/legal/privacy-policy","https://ucard.observer/cards/fuse-card/"
"unifi-card","UniFi Card","仅 App","UniFi - Spend, Send, and Save（Alio Financial, Inc）","仅 App","Yes","175","https://apps.apple.com/app/id6476569704","174","https://play.google.com/store/apps/details?id=com.unifi.app","需联系客服/邮件/表单","联系客服申请删除，核验身份","https://www.unifi.co/help/faq/","3","一般","一般数据权利 / 他国法规","https://www.unifi.co/legal/unifi/privacy/","https://ucard.observer/cards/unifi-card/"
"roqqu-card","Roqqu Card","Web 账户可用，卡片以 App 为主","Roqqu - Buy and Sell Bitcoin（REDRAVEN LIMITED）","Web 账户可用，卡片以 App 为主","No","77","https://apps.apple.com/app/id1505370687","174","https://play.google.com/store/apps/details?id=com.roqqu.app","未公开","未找到官方删除指南；Google Play 声明“可申请删除数据”","","3","一般","一般数据权利 / 他国法规","https://roqqu.io/privacy-policy","https://ucard.observer/cards/roqqu-card/"
"morse-card","Morse Card","仅 App","Morse Money（Avian Labs Inc）","仅 App","No","140","https://apps.apple.com/app/id1637592256","174","https://play.google.com/store/apps/details?id=net.avianlabs.app","App/网页自助","App Profile→More→Close account；关闭后不能再开户","https://support.morsemoney.com/en/articles/13763512-close-account","5","较好","EEA/UK 数据权利（未写 GDPR 字样）","https://sling.money/legal/privacypolicy-cookienotice","https://ucard.observer/cards/morse-card/"
"fluyez-card","Fluyez Crypto Visa","Web 账户可用，卡片以 App 为主","Fluyez: Compra BTC y cripto（Fluyez Digital Investments SAC）","Web 账户可用，卡片以 App 为主","No","6","https://apps.apple.com/app/id1643987753","","","未公开","未找到官方删除指南","","1","较差","未见数据权利条款","https://fluyez.com/policy.html","https://ucard.observer/cards/fluyez-card/"
"thera-card","Thera Wallet Visa","纯 Web/PWA","","纯 Web/PWA","N/A","","","","","需联系客服/邮件/表单","邮件申请关闭账户","https://help.getthera.com/en/articles/15920149-how-to-close-your-thera-account","4","一般","明确 GDPR","https://www.getthera.com/privacy-policy","https://ucard.observer/cards/thera-card/"
"phantom-cash-card","Phantom Cash Card","Web 账户可用，卡片以 App 为主","Phantom: Trading Wallet（Phantom Technologies Incorporated）","Web 账户可用，卡片以 App 为主","No","172","https://apps.apple.com/app/id1598432977","174","https://play.google.com/store/apps/details?id=app.phantom","App/网页自助","关闭 Cash 账户后卡与账号注销；KYC 数据由 Link 保存，需到 app.link.com 另行删除","https://help.phantom.com/hc/en-us/articles/46791622675347-What-happens-when-your-Cash-account-is-closed","6","较好","EEA/UK 数据权利（未写 GDPR 字样）","https://phantom.com/privacy","https://ucard.observer/cards/phantom-cash-card/"
"wayex-card","Wayex Card","Web 账户可用，卡片以 App 为主","Wayex: Spend Stables Anywhere（CRYPTOSPEND PTY LTD）","Web 账户可用，卡片以 App 为主","No","172","https://apps.apple.com/app/id6749611261","174","https://play.google.com/store/apps/details?id=com.wayex.app","未公开","未找到官方删除指南；Google Play 声明“可申请删除数据”","","4","一般","明确 GDPR","https://www.wayex.com/en/privacy/","https://ucard.observer/cards/wayex-card/"
"exodus-pay-card","Exodus Pay Card","Web 账户可用，卡片以 App 为主","Exodus: Crypto & Payments（Exodus Movement Inc）","Web 账户可用，卡片以 App 为主","No","172","https://apps.apple.com/app/id1414384820","174","https://play.google.com/store/apps/details?id=exodusmovement.exodus","仅本地移除（自托管）","钱包可在 App 内 Remove account；Exodus Pay 账户删除未明示","https://www.exodus.com/support/en/articles/8598644-how-do-i-delete-my-wallet-and-start-over","5","较好","明确 GDPR","https://exodus.com/privacy","https://ucard.observer/cards/exodus-pay-card/"
"dollarize-card","Dollarize Card","仅 App","Dollarize: USD Account（Dollarize Inc）","仅 App","No","24","https://apps.apple.com/app/id1627818185","174","https://play.google.com/store/apps/details?id=me.dollarize.app","需联系客服/邮件/表单","在 App Help 下提交表单申请注销","https://help.dollarize.me/hc/en-us/articles/4413045355803-Can-I-cancel-my-account","3","一般","未见数据权利条款","https://dollarize.me/legal/dollarize_privacy.pdf","https://ucard.observer/cards/dollarize-card/"
"solid-card","Solid Visa Card","Web 可用（含卡片）","Solid: Earn USDC & Stablecoin（Solid Superapp LLC）","Web 可用（含卡片）","No","163","https://apps.apple.com/app/id6758618401","174","https://play.google.com/store/apps/details?id=xyz.solid.android","未公开","未找到官方删除指南；Google Play 声明“可申请删除数据”","","3","一般","一般数据权利 / 他国法规","https://support.solid.xyz/en/articles/13184959-legal-privacy-policy-terms-conditions","https://ucard.observer/cards/solid-card/"
"sendwave-card","Sendwave Card","仅 App","Sendwave Send & Transfer Money（Chime Inc.）","仅 App","No","103","https://apps.apple.com/app/id846717081","171","https://play.google.com/store/apps/details?id=com.mychime.waveremit.app","需联系客服/邮件/表单","无删除按钮，需联系客服（第三方整理）","https://wise.com/us/blog/sendwave-delete-account","3","一般","明确 GDPR","https://www.sendwave.com/en-us/privacy-policy/global","https://ucard.observer/cards/sendwave-card/"
"gate-card","Gate Card (US)","待核","","待核","N/A","","","","","未公开","Gate US 未找到单独说明（Gate 国际版可 App 内删除）","","2","较差","一般数据权利 / 他国法规","","https://ucard.observer/cards/gate-card/"
"bitpanda-card","Bitpanda Visa Card","Web 账户可用，卡片以 App 为主","Bitpanda: Krypto, Aktien & ETF（Bitpanda GmbH）","Web 账户可用，卡片以 App 为主","No","32","https://apps.apple.com/app/id1449018960","173","https://play.google.com/store/apps/details?id=com.bitpanda.bitpanda","App/网页自助","App 内或登录后提交表单删除","https://support.bitpanda.com/hc/en-us/articles/115003698605-How-can-I-delete-my-account","5","较好","明确 GDPR","https://www.bitpanda.com/en/legal/bitpanda-group-privacy-notice","https://ucard.observer/cards/bitpanda-card/"
"kucard","KuCard","Web 账户可用，卡片以 App 为主","KuCoin: Buy Bitcoin & Crypto（Kugame Global Limited）","Web 账户可用，卡片以 App 为主","No","166","https://apps.apple.com/app/id1378956601","170","https://play.google.com/store/apps/details?id=com.kubi.kucoin","App/网页自助","账户设置→Security→Delete Account","https://www.kucoin.com/en-au/support/47497300093886","4","一般","EEA/UK 数据权利（未写 GDPR 字样）","https://www.kucoin.com/support/47497300093764","https://ucard.observer/cards/kucard/"
"ledger-cl-card","Ledger CL Card","纯 Web/PWA","","纯 Web/PWA","N/A","","","","","需联系客服/邮件/表单","邮件 support@cl-cards.com 申请关闭","https://support.ledger.com/article/5283612250653-zd","3","一般","一般数据权利 / 他国法规","https://www.ledger.com/privacy-policy","https://ucard.observer/cards/ledger-cl-card/"
"oneinch-card","1inch Card","仅 App","1inch: DeFi Crypto Wallet（1inch Limited）","仅 App","No","160","https://apps.apple.com/app/id1546049391","174","https://play.google.com/store/apps/details?id=io.oneinch.android","App/网页自助","1inch 账户 Profile→Delete（官方文章针对 Business 账户；Wallet 为自托管）","https://help.1inch.com/en/articles/8186430-how-to-delete-your-account","4","一般","明确 GDPR","https://1inch.com/assets/1inch_com_privacy_policy.pdf","https://ucard.observer/cards/oneinch-card/"
"tevau-card","Tevau Card","仅 App","Tevau（Tevau Technology Limited）","仅 App","Yes","174","https://apps.apple.com/app/id6504911110","174","https://play.google.com/store/apps/details?id=uni.UNI2317D55","未公开","未找到官方删除说明；Google Play 社区有用户投诉无法删除账户","https://support.google.com/googleplay/thread/383066151","4","一般","一般数据权利 / 他国法规","https://www.tevau.io/en/privacy_policy","https://ucard.observer/cards/tevau-card/"
"spay-card","SPay Visa Card","仅 App","SPay（NOVARA TECH L.L.C S.O.C）","仅 App","Yes","175","https://apps.apple.com/app/id6762744741","174","https://play.google.com/store/apps/details?id=com.spay.wallet","未公开","未找到官方删除指南；Google Play 声明“可申请删除数据”","","4","一般","一般数据权利 / 他国法规","https://spay.finance/privacy-policy","https://ucard.observer/cards/spay-card/"
"gigbanc-card","Gigbanc Card（运营收尾中）","待核","","待核","No","","https://apps.apple.com/app/id6478639894","","https://play.google.com/store/apps/details?id=com.gigbanc.app","未公开","App 已下架，未找到删除渠道","","1","较差","未能核验","https://www.gigbanc.co/privacy-policy","https://ucard.observer/cards/gigbanc-card/"
"binance-card-global","Binance Card Global","Web 账户可用，卡片以 App 为主","Binance: Buy Bitcoin & Crypto（Binance Switzerland AG）","Web 账户可用，卡片以 App 为主","No","167","https://apps.apple.com/app/id1436799971","142","https://play.google.com/store/apps/details?id=com.binance.dev","App/网页自助","App Account Center→Security→Close Account","https://www.binance.com/en/support/faq/detail/f02c2640a1cd44e58de68e4a49d599f6","3","一般","未能核验","https://www.binance.com/en/privacy","https://ucard.observer/cards/binance-card-global/"
"mexc-card","MEXC Card（Global / APAC）","Web 可用（含卡片）","MEXC: Buy Bitcoin & Crypto（Onechain Technology Ltd）","Web 可用（含卡片）","No","167","https://apps.apple.com/app/id1605393003","168","https://play.google.com/store/apps/details?id=com.mexcpro.client","App/网页自助","Security→Delete Account；资产需 ≤5 USDT","https://www.mexc.com/support/article/how-to-cancel-your-account-17827791508586","5","较好","明确 GDPR","https://www.mexc.com/privacypolicy","https://ucard.observer/cards/mexc-card/"
"pionex-card","Pionex Visa Card","Web 账户可用，卡片以 App 为主","Pionex - Crypto Trading Bots（BitUniverse CO.,Limited）","Web 账户可用，卡片以 App 为主","No","170","https://apps.apple.com/app/id1485348891","172","https://play.google.com/store/apps/details?id=com.pionex.client","App/网页自助","App Account→Settings→Profile→Delete account","https://www.pionex.com/blog/how-to-delete-an-account/","5","较好","一般数据权利 / 他国法规","https://pionex.zendesk.com/hc/en-us/articles/360038643994-Pionex-app-Privacy-Policy","https://ucard.observer/cards/pionex-card/"
"bit2me-card","Bit2Me Card","Web 账户可用，卡片以 App 为主","Bit2Me - Buy Cryptocurrencies（Bitcoinforme sl）","Web 账户可用，卡片以 App 为主","No","76","https://apps.apple.com/app/id1459809738","173","https://play.google.com/store/apps/details?id=com.phonegap.bit2me","需联系客服/邮件/表单","提交数据删除申请；删除数据=永久关闭账户","https://support.bit2me.com/en/support/solutions/articles/35000176456-how-to-request-the-deletion-of-my-data-on-bit2me-","4","一般","明确 GDPR","https://legal.bit2me.com/en/support/solutions/articles/35000291559-privacy-policy","https://ucard.observer/cards/bit2me-card/"
"whitebit-nova","WhiteBIT Nóva Card","Web 账户可用，卡片以 App 为主","WhiteBIT – buy & sell bitcoin（UAB Clear White Technologies）","Web 账户可用，卡片以 App 为主","No","168","https://apps.apple.com/app/id1463405025","170","https://play.google.com/store/apps/details?id=com.whitebit.android","App/网页自助","网页 General 底部 Delete Account；App 内同样可自助删除","https://help.whitebit.com/hc/en-gb/articles/11857409533981-Account-settings-on-the-website-A-complete-guide","5","较好","明确 GDPR","https://whitebit.com/privacy-policy","https://ucard.observer/cards/whitebit-nova/"
"jupiter-card","Jupiter Card","Web 账户可用，卡片以 App 为主","Jupiter Mobile - Solana Wallet（Raccoon Labs Pte. Ltd.）","Web 账户可用，卡片以 App 为主","No","136","https://apps.apple.com/app/id6484069059","174","https://play.google.com/store/apps/details?id=ag.jup.jupiter.android","仅本地移除（自托管）","App 内 Remove Account 仅移除本地钱包；卡账户删除未明示","https://docs.jup.ag/user-docs/global/mobile/faq","4","一般","明确 GDPR","https://docs.jup.ag/user-docs/legal/privacy-policy","https://ucard.observer/cards/jupiter-card/"
"safepal-fiat24-card","SafePal / Fiat24 Mastercard","仅 App","SafePal: Crypto Wallet BTC NFT（SAFEPAL LTD.）","仅 App","No","174","https://apps.apple.com/app/id1548297139","174","https://play.google.com/store/apps/details?id=io.safepal.wallet","未公开","未找到官方删除指南","","3","一般","明确 GDPR","https://www.safepal.com/about/privacy","https://ucard.observer/cards/safepal-fiat24-card/"
"trustee-plus-card","Trustee Plus Card","仅 App","Trustee Plus | Wallet & Card（MIKEPAY INC）","仅 App","No","150","https://apps.apple.com/app/id1634455978","146","https://play.google.com/store/apps/details?id=com.trusteeplus","未公开","未找到官方删除指南；Google Play 声明“可申请删除数据”","","2","较差","未能核验","https://trustee.io/docs/privacy-policy","https://ucard.observer/cards/trustee-plus-card/"
"uphold-card","Uphold Debit Card","Web 账户可用，卡片以 App 为主","Uphold: Trade crypto & stocks（Uphold HQ Inc.）","Web 账户可用，卡片以 App 为主","No","146","https://apps.apple.com/app/id1101145849","174","https://play.google.com/store/apps/details?id=com.uphold.wallet","App/网页自助","Account Center>Profile>Close account","https://support.uphold.com/hc/en-us/articles/360043652251-Close-account","3","一般","明确 GDPR","https://uphold.com/en-us/legal/privacy-policy","https://ucard.observer/cards/uphold-card/"
"gate-card-global","Gate Card（国际版）","Web 账户可用，卡片以 App 为主","Gate: Buy BTC & ETH（GATE GLOBAL UAB）","Web 账户可用，卡片以 App 为主","No","167","https://apps.apple.com/app/id1294998195","170","https://play.google.com/store/apps/details?id=com.gateio.gateio","App/网页自助","App Account Center→Security→Delete Account","https://www.gate.com/crypto-wiki/article/how-to-delete-my-account-20260106","5","较好","明确 GDPR","https://www.gate.com/legal/privacy-policy","https://ucard.observer/cards/gate-card-global/"
"solayer-pay","Solayer Pay（Solayer Emerald）","Web 可用（含卡片）","Solayer Pay（Solayer Labs Inc）","Web 可用（含卡片）","No","147","https://apps.apple.com/app/id6758687992","174","https://play.google.com/store/apps/details?id=com.solayer.mobileapp.android","未公开","未找到官方删除指南；Google Play 声明“可申请删除数据”","","3","一般","未见数据权利条款","https://solayer.org/privacy-policy","https://ucard.observer/cards/solayer-pay/"
"pokepay-card","PokePay Card","Web 可用（含卡片）","PokePay - 領先的加密支付平臺（POKEPAY TECHNOLOGY CO., LTD.）","Web 可用（含卡片）","No","10","https://apps.apple.com/app/id6741506101","172","https://play.google.com/store/apps/details?id=uni.UNIE937D15","未公开","未找到官方删除指南；Google Play 声明“可申请删除数据”","","4","一般","一般数据权利 / 他国法规","https://pokepay.com/privacy_agreement.html","https://ucard.observer/cards/pokepay-card/"
"biyapay-easycard","BiyaPay EasyCard","待核","BiyaPay（Biya Global LLC）","待核","No","174","https://apps.apple.com/app/id1546702205","174","https://play.google.com/store/apps/details?id=com.BIYAGlobal.www","App/网页自助","App 个人中心→Close Account","https://www.biyapay.com/en/help/429-my-account/1935-how-to-close-account","4","一般","一般数据权利 / 他国法规","https://www.biyapay.com/legal/Privacy_Policy_EN.pdf","https://ucard.observer/cards/biyapay-easycard/"
"xapo-bank-card","Xapo Bank Card","仅 App","Xapo Bank: Save in BTC & USD（Xapo Holdings Limited）","仅 App","No","47","https://apps.apple.com/app/id1560681080","174","https://play.google.com/store/apps/details?id=com.xapo.bank","需联系客服/邮件/表单","条款允许关闭账户，方式未细说（联系客服）","https://legal.xapobank.com/tos/bank","4","一般","明确 GDPR","https://legal.xapobank.com/privacy/privacy-notice","https://ucard.observer/cards/xapo-bank-card/"
"bitget-exchange-card","Bitget Card（交易所卡）","Web 账户可用，卡片以 App 为主","Bitget- Trade bitcoin & crypto（BG LIMITED）","Web 账户可用，卡片以 App 为主","No","169","https://apps.apple.com/app/id1442778704","171","https://play.google.com/store/apps/details?id=com.bitget.exchange","App/网页自助","App/网页 Profile Settings→Delete Account","https://www.bitget.com/support/articles/12560603821825","4","一般","EEA/UK 数据权利（未写 GDPR 字样）","https://www.bitget.com/support/articles/360015150651","https://ucard.observer/cards/bitget-exchange-card/"
"exa-card","Exa Card","Web 可用（含卡片）","Exa App（EXA LABS S.A.S.）","Web 可用（含卡片）","No","153","https://apps.apple.com/app/id6572315454","174","https://play.google.com/store/apps/details?id=app.exactly","未公开","未找到官方删除指南；Google Play 声明“可申请删除数据”","","4","一般","一般数据权利 / 他国法规","https://help.exactly.app/en/articles/9945134-privacy-policy","https://ucard.observer/cards/exa-card/"
"coca-card","COCA Mastercard","仅 App","COCA: Crypto Card & Wallet（CCA LABS - FZCO）","仅 App","No","174","https://apps.apple.com/app/id1594165139","174","https://play.google.com/store/apps/details?id=com.wirex.wallet","需联系客服/邮件/表单","官方关闭指南：转出资产后申请删除个人信息","https://help.coca.xyz/support/solutions/articles/205000056940-how-to-close-your-coca-account","4","一般","一般数据权利 / 他国法规","https://www.coca.xyz/privacy","https://ucard.observer/cards/coca-card/"
"holyheld-card","Holyheld Card","纯 Web/PWA","","纯 Web/PWA","N/A","","","","","未公开","未找到官方删除指南","","2","较差","一般数据权利 / 他国法规","https://holyheld.com/legal/privacy-policy","https://ucard.observer/cards/holyheld-card/"
"karta-card","Karta Visa Card","Telegram Bot","","Telegram Bot","N/A","","","","","未公开","未找到官方删除指南","","2","较差","一般数据权利 / 他国法规","https://legal.karta.io/b2c-privacy-policy","https://ucard.observer/cards/karta-card/"
"kolo-card","Kolo Card","Web 可用（含卡片）","Kolo Wallet（HARDLINE HOLDING LIMITED, CHK）","Web 可用（含卡片）","No","29","https://apps.apple.com/app/id6740210180","147","https://play.google.com/store/apps/details?id=com.kolo.in","未公开","未找到官方删除指南；Google Play 声明“可申请删除数据”","","4","一般","明确 GDPR","https://storage.googleapis.com/exchanger2-storage-kolo/exchanger/terms-and-conditions/public/privacy-policy","https://ucard.observer/cards/kolo-card/"
"hyperbeat-pay","Hyperbeat Pay Card","Web 可用（含卡片）","Hyperbeat Pay（Zoeion Ltd Corporation）","Web 可用（含卡片）","No","167","https://apps.apple.com/app/id6761489730","174","https://play.google.com/store/apps/details?id=org.hyperbeat.app","未公开","未找到官方删除指南；Google Play 声明“可申请删除数据”","","5","较好","EEA/UK 数据权利（未写 GDPR 字样）","https://hyperbeat.org/privacy","https://ucard.observer/cards/hyperbeat-pay/"
"vaultleap-card","VaultLeap Card","Web 可用（含卡片）","VaultLeap（Klydo INC）","Web 可用（含卡片）","No","83","https://apps.apple.com/app/id6761719518","174","https://play.google.com/store/apps/details?id=com.vaultleap.app","需联系客服/邮件/表单","隐私政策：关闭账户后按监管保留期删除或匿名化（方式未明）","https://vaultleap.com/privacy-policy","5","较好","明确 GDPR","https://vaultleap.com/privacy-policy","https://ucard.observer/cards/vaultleap-card/"
"solflare-card","Solflare Card","Web 账户可用，卡片以 App 为主","Solflare: Solana Crypto Wallet（SOLRISE RESEARCH LTD）","Web 账户可用，卡片以 App 为主","No","172","https://apps.apple.com/app/id1580902717","174","https://play.google.com/store/apps/details?id=com.solflare.mobile","未公开","未找到官方删除指南","","4","一般","明确 GDPR","https://www.solflare.com/privacy-policy/","https://ucard.observer/cards/solflare-card/"
"tuyo-card","Tuyo Card","仅 App","Tuyo: Your Money Companion（Tuyo Inc.）","仅 App","No","159","https://apps.apple.com/app/id6470110305","174","https://play.google.com/store/apps/details?id=com.tuyo.mobile.android","未公开","未找到官方删除指南；Google Play 声明“可申请删除数据”","","4","一般","一般数据权利 / 他国法规","https://about.tuyo.com/Privacy-Policy-ab80528d2dfa4860854dee593fbad459","https://ucard.observer/cards/tuyo-card/"
"avici-card","Avici Card","仅 App","Avici: Internet finance（Higin Inc.）","仅 App","No","174","https://apps.apple.com/app/id6465962039","174","https://play.google.com/store/apps/details?id=xyz.avici.apps","App/网页自助","隐私政策提及用户可自行删除账户","https://avici.money/privacypolicy","4","一般","一般数据权利 / 他国法规","https://avici.money/privacypolicy","https://ucard.observer/cards/avici-card/"
"blofin-wallet-card","BloFin Wallet Card","Web 可用（含卡片）","BloFin Wallet（Blofin Inc.）","Web 可用（含卡片）","No","159","https://apps.apple.com/app/id6753210919","174","https://play.google.com/store/apps/details?id=com.blofin.wallet.wallet","需联系客服/邮件/表单","隐私声明：可随时申请删除账户（依法）","https://blofin.com/en/support/Terms/7296173195919-Privacy-Notice","2","较差","未能核验","https://support.blofin.com/hc/en-us/articles/14111617384975-BloFin-Web3-Privacy-Policy","https://ucard.observer/cards/blofin-wallet-card/"
"revuto-virtual-card","Revuto Virtual Card","仅 App","Revuto（Revuto OU）","仅 App","No","174","https://apps.apple.com/app/id1550940719","174","https://play.google.com/store/apps/details?id=com.revuto.dev","未公开","未找到官方删除指南；Google Play 声明“可申请删除数据”","","5","较好","明确 GDPR","https://revuto.com/privacy-policy/","https://ucard.observer/cards/revuto-virtual-card/"
"ripio-card-brazil","Ripio Card（巴西）","Web 账户可用，卡片以 App 为主","Ripio App | Crypto Wallet（BitPagos, Inc.）","Web 账户可用，卡片以 App 为主","No","6","https://apps.apple.com/app/id1221006761","173","https://play.google.com/store/apps/details?id=com.ripio.android","App/网页自助","App Perfil→Mis datos 内申请注销","https://help-ar.ripio.com/space/HC/1524302364/C+mo+dar+de+baja+tu+cuenta+de+Ripio","4","一般","一般数据权利 / 他国法规","https://terms.ripio.com/ar/privacy","https://ucard.observer/cards/ripio-card-brazil/"
"pexx-mastercard","PEXX Mastercard","Web 可用（含卡片）","PEXX（PEXX Technology Pty Ltd）","Web 可用（含卡片）","No","168","https://apps.apple.com/app/id6544797494","174","https://play.google.com/store/apps/details?id=com.pexx.app","需联系客服/邮件/表单","发邮件给客服申请关闭","https://faq.pexx.com/en/articles/9233727-i-want-to-close-my-pexx-account","3","一般","一般数据权利 / 他国法规","https://pexx.com/privacy-policy","https://ucard.observer/cards/pexx-mastercard/"
"maxswap-card","MaxSwap Card","Web 可用（含卡片）","MaxSwap: Crypto Bitcoin Wallet（MS Profit LTD）","Web 可用（含卡片）","N/A","","","173","https://play.google.com/store/apps/details?id=com.maxswap.app","需联系客服/邮件/表单","隐私政策：可申请擦除，到期安全删除/匿名化","https://maxswap.cc/privacy-policy/","3","一般","明确 GDPR","https://maxswap.cc/privacy-policy/","https://ucard.observer/cards/maxswap-card/"
"offramp-card","Offramp Visa Card","Web 可用（含卡片）","","Web 可用（含卡片）","No","","https://apps.apple.com/app/id6746831537","","https://play.google.com/store/apps/details?id=xyz.offramp.offrampmobile","App/网页自助","已认证/未认证账户都可随时在网页或 App 内删除","https://offrampxyz.zendesk.com/hc/en-us/articles/56974397874969-Account-Deletion-FAQ","5","较好","明确 GDPR","https://www.offramp.xyz/privacy.html","https://ucard.observer/cards/offramp-card/"
"fizen-card","Fizen Card","仅 App","Fizen: QR Pay, eSIM & Travel（Fizen GmbH）","仅 App","No","172","https://apps.apple.com/app/id1621269508","174","https://play.google.com/store/apps/details?id=com.fizen.io.wallet","声明无法删除","官方 FAQ：因区块链特性无法永久删除账户；GP 亦声明数据不可删除","https://wallet-faqs.fizen.io/faqs/manage-wallet-and-account","4","一般","明确 GDPR","https://docs.fizen.io/privacy","https://ucard.observer/cards/fizen-card/"
"infini-personal-card","Infini Pro / AI / Max Card","Web 账户可用，卡片以 App 为主","Infini: Crypto Card & Pay（Cynosure Technology LLC）","Web 账户可用，卡片以 App 为主","No","141","https://apps.apple.com/app/id6796274070","174","https://play.google.com/store/apps/details?id=money.infini.infiniapp","App/网页自助","Account security→Delete Account","https://help.infini.money/en/articles/13229751-infini-individual-management-account","5","较好","明确 GDPR","https://www.infini.money/app-privacy","https://ucard.observer/cards/infini-personal-card/"
"busha-card","Busha Card","Web 账户可用，卡片以 App 为主","Busha: Make your money better!（BUSHA DIGITAL LIMITED）","Web 账户可用，卡片以 App 为主","No","2","https://apps.apple.com/app/id1450373493","174","https://play.google.com/store/apps/details?id=co.busha.android","需联系客服/邮件/表单","提交删除申请后停用账户并按尼日利亚数据保护法删除","https://busha.io/account-deletion-notice","3","一般","一般数据权利 / 他国法规","https://busha.io/privacy-policy","https://ucard.observer/cards/busha-card/"
"blofin-exchange-card","BloFin Card（交易所卡）","Web 可用（含卡片）","BloFin: Trade Crypto & Bitcoin（Blofin Inc.）","Web 可用（含卡片）","No","140","https://apps.apple.com/app/id1616804346","171","https://play.google.com/store/apps/details?id=com.blofin.android","需联系客服/邮件/表单","隐私声明：可随时申请删除账户（依法）","https://blofin.com/en/support/Terms/7296173195919-Privacy-Notice","3","一般","一般数据权利 / 他国法规","https://blofin.com/en/support/Terms/7296173195919-Privacy-Notice","https://ucard.observer/cards/blofin-exchange-card/"
"lbank-card","LBank Card","Web 可用（含卡片）","LBank - Buy Bitcoin & Crypto（LBANK EXCHANGE UAB）","Web 可用（含卡片）","No","135","https://apps.apple.com/app/id1437346368","167","https://play.google.com/store/apps/details?id=com.superchain.lbankgoogle","未公开","未找到官方删除指南；Google Play 声明“可申请删除数据”","","3","一般","一般数据权利 / 他国法规","https://www.lbank.com/support/articles/21282461924121","https://ucard.observer/cards/lbank-card/"
"moonagents-card","MoonAgents Card","CLI/Agent","MoonPay: Buy Crypto & Bitcoin（EIGHTEENTH SEPTEMBER LIMITED）","CLI/Agent","No","124","https://apps.apple.com/app/id1635031432","173","https://play.google.com/store/apps/details?id=com.moonpay","需联系客服/邮件/表单","可申请删除 MoonPay 账户；按 AML 规定保留部分数据","https://support.moonpay.com/en/articles/472114-what-happens-to-my-personal-data-after-i-request-deletion-of-my-moonpay-account","3","一般","EEA/UK 数据权利（未写 GDPR 字样）","https://www.moonpay.com/legal/privacy_policy","https://ucard.observer/cards/moonagents-card/"
"pulsar-card","Pulsar Money Card","仅 App","Pulsar Money（Pulsar Money SRL）","仅 App","No","72","https://apps.apple.com/app/id6757467196","174","https://play.google.com/store/apps/details?id=money.pulsar.app","需联系客服/邮件/表单","邮件 contact@pulsar.money 申请；另有账户删除说明","https://pulsar.money/privacy-policy","4","一般","明确 GDPR","https://pulsar.money/privacy-policy","https://ucard.observer/cards/pulsar-card/"
"xportal-card","xPortal Card","仅 App","xPortal: BTC & Crypto Wallet（MultiversX Labs S.R.L.）","仅 App","No","148","https://apps.apple.com/app/id1519405832","174","https://play.google.com/store/apps/details?id=com.elrond.maiar.wallet","App/网页自助","App 内可解绑手机号等数据；链上地址无法删除","https://help.xportal.com/en/articles/7038292-how-can-i-delete-my-xportal-account","5","较好","明确 GDPR","https://xportal.com/privacy","https://ucard.observer/cards/xportal-card/"
"decaf-card","Decaf Card","仅 App","Decaf Wallet（Decaf Inc.）","仅 App","No","174","https://apps.apple.com/app/id1616564038","174","https://play.google.com/store/apps/details?id=so.decaf.wallet","未公开","未找到官方删除指南；Google Play 声明“可申请删除数据”","","4","一般","一般数据权利 / 他国法规","https://decaf.so/privacy","https://ucard.observer/cards/decaf-card/"
"casher-card","CasherCard","纯 Web/PWA","","纯 Web/PWA","N/A","","","","","未公开","未找到官方删除指南","","1","较差","未见数据权利条款","https://cashercard.com/privacy-policy","https://ucard.observer/cards/casher-card/"
"youhodler-crypto-card","YouHodler Crypto Card","Web 账户可用，卡片以 App 为主","YouHodler: BTC & Crypto Wallet（NAUMARD LTD）","Web 账户可用，卡片以 App 为主","No","169","https://apps.apple.com/app/id1469351696","173","https://play.google.com/store/apps/details?id=com.youhodler.youhodler","需联系客服/邮件/表单","邮件 support@youhodler.com 申请删除账户","https://www.youhodler.com/privacy-notice","4","一般","明确 GDPR","https://www.youhodler.com/privacy-notice","https://ucard.observer/cards/youhodler-crypto-card/"
"cexio-card","CEX.IO Card（项目转换中）","Web 账户可用，卡片以 App 为主","CEX.IO: Crypto Wallet/Exchange（CEX.IO LTD）","Web 账户可用，卡片以 App 为主","No","154","https://apps.apple.com/app/id1047225016","137","https://play.google.com/store/apps/details?id=io.cex.app.prod","需联系客服/邮件/表单","提交账户关闭/删除申请","https://support.cex.io/en/articles/15397970-fee-rebate-offer-for-users-requesting-account-closure","3","一般","明确 GDPR","https://cex.io/legal/privacy/","https://ucard.observer/cards/cexio-card/"
"bingx-card","BingX Card","Web 可用（含卡片）","BingX: Buy Crypto & Stocks（BingX Group Limited）","Web 可用（含卡片）","No","168","https://apps.apple.com/app/id1500217666","144","https://play.google.com/store/apps/details?id=pro.bingbon.app","App/网页自助","网页“删除 BingX 账户”申请页自助提交","https://bingx.com/en/accounts/removeAccount","5","较好","明确 GDPR","https://static-app.bb-os.com/agreement/AGRT_privacy_en.html","https://ucard.observer/cards/bingx-card/"
"bitrefill-card","Bitrefill Card","Web 可用（含卡片）","Bitrefill: eSIMs & Gift Cards（Airfill Prepaid AB）","Web 可用（含卡片）","No","174","https://apps.apple.com/app/id1378102623","174","https://play.google.com/store/apps/details?id=com.bitrefill.app","App/网页自助","网页设置中提交删除表单（依擦除权）","https://help.bitrefill.com/hc/en-us/articles/8577293974802-How-do-I-delete-my-Bitrefill-Account","5","较好","明确 GDPR","https://www.bitrefill.com/privacy/?hl=en","https://ucard.observer/cards/bitrefill-card/"
"anodos-card","Anodos Card","待核","Anodos | Banking On Your Terms（Anodos Labs Inc.）","待核","N/A","","","174","https://play.google.com/store/apps/details?id=com.anodos.app","App/网页自助","隐私政策：可在 App 内及官网申请删除账户","https://docs.anodos.finance/legal/anodos-app-privacy-policy","4","一般","一般数据权利 / 他国法规","https://docs.anodos.finance/legal/anodos-app-privacy-policy","https://ucard.observer/cards/anodos-card/"
"solcard","SolCard","Web 可用（含卡片）","SolCard App（INFRACARD LIMITED）","Web 可用（含卡片）","No","171","https://apps.apple.com/app/id6784372358","","","需联系客服/邮件/表单","条款：注销全部卡并关闭账户；联系 support@solcard.cc","https://www.solcard.cc/terms","4","一般","一般数据权利 / 他国法规","https://www.solcard.cc/privacy","https://ucard.observer/cards/solcard/"
"bleap-card","Bleap Card","仅 App","Bleap: Finance & Cashback Card（Bleap LTD）","仅 App","No","131","https://apps.apple.com/app/id6467641662","173","https://play.google.com/store/apps/details?id=com.bleap","未公开","未找到官方删除指南；Google Play 声明“可申请删除数据”","","4","一般","明确 GDPR","https://www.bleap.finance/legal-agreements/privacy-policy-bleap-sia","https://ucard.observer/cards/bleap-card/"
"kem-card","Kem Card","仅 App","Kem App（KEM COMPANY FOR ELECTRONIC PAYMENT AND SETTLEMENT SERVICES）","仅 App","No","64","https://apps.apple.com/app/id6739941056","147","https://play.google.com/store/apps/details?id=com.kem.kemcryptoapp","App/网页自助","App Settings > Account > Delete Account","https://kemapp.io/en/policies/privacy-policy","4","一般","未能核验","https://kemapp.io/policies/privacy-policy","https://ucard.observer/cards/kem-card/"
"bitsa-card","Bitsa Card","仅 App","Bitsa: Prepaid-Karte（BITSA）","仅 App","No","29","https://apps.apple.com/app/id1458095544","174","https://play.google.com/store/apps/details?id=com.bitsacard.BitsaApp","App/网页自助","App Mi perfil→Borrar Cuenta","https://soporte.bitsacard.com/hc/es/articles/360005955538--Puedo-cancelar-y-dar-de-baja-una-cuenta-Bitsa","4","一般","一般数据权利 / 他国法规","https://bitsacard.com/en/privacy-policy","https://ucard.observer/cards/bitsa-card/"
"fold-card","Fold Card","仅 App","Fold: Bitcoin Personal Finance（Fold, Inc）","仅 App","No","1","https://apps.apple.com/app/id1480424785","174","https://play.google.com/store/apps/details?id=com.fold","App/网页自助","官方“删除或关闭 Fold 账户”指南（App 内操作）","https://support.foldapp.com/hc/en-us/articles/45897966069275-How-do-I-delete-or-close-my-Fold-account","4","一般","一般数据权利 / 他国法规","https://foldapp.com/legal/privacy-policy","https://ucard.observer/cards/fold-card/"
"reap-card","Reap Card","Web 可用（含卡片）","Reap Global（Reap Technologies Limited）","Web 可用（含卡片）","Yes","175","https://apps.apple.com/app/id1660845868","174","https://play.google.com/store/apps/details?id=com.reaphq.reapmobile","未公开","未找到官方删除指南；Google Play 声明“可申请删除数据”","","4","一般","一般数据权利 / 他国法规","https://reap.global/resources/info/privacy-policy","https://ucard.observer/cards/reap-card/"
"thorwallet-card","THORWallet Card","Web 账户可用，卡片以 App 为主","THORWallet: Crypto Wallet（DeFi Suisse AG）","Web 账户可用，卡片以 App 为主","No","168","https://apps.apple.com/app/id1592064324","174","https://play.google.com/store/apps/details?id=defisuisse.thorwallet","未公开","未找到官方删除指南；Google Play 声明“可申请删除数据”","","5","较好","明确 GDPR","https://assets-global.website-files.com/629dd3d28092df388ee72205/63fde2ebaa2d3ea51c7c626b_0921%20Privacy%20Policy%20THORWallet.pdf","https://ucard.observer/cards/thorwallet-card/"
"tonhub-card","Tonhub Card","仅 App","Tonhub: Crypto Wallet & Card（Whales Corp）","仅 App","No","145","https://apps.apple.com/app/id1607656232","174","https://play.google.com/store/apps/details?id=com.tonhub.wallet","未公开","未找到官方删除指南；Google Play 声明“可申请删除数据”","","4","一般","明确 GDPR","https://tonhub.com/legal/privacy","https://ucard.observer/cards/tonhub-card/"
"rizon-card","Rizon Card","仅 App","RIZON: Stablecoin Finance（Rizon Technologies, UAB）","仅 App","No","162","https://apps.apple.com/app/id6745082515","174","https://play.google.com/store/apps/details?id=com.rizon.app","未公开","未找到官方删除指南；Google Play 声明“可申请删除数据”","","4","一般","明确 GDPR","https://getrizon.com/privacy-policy","https://ucard.observer/cards/rizon-card/"
"oobit-card","Oobit Card","仅 App","Oobit Everyday Crypto Payments（OOBIT TECHNOLOGIES PTE. LTD）","仅 App","No","73","https://apps.apple.com/app/id1598882898","174","https://play.google.com/store/apps/details?id=com.oobit","App/网页自助","App 内删除或联系客服","https://help.oobit.com/en/articles/17423931-how-do-i-delete-my-oobit-account","5","较好","明确 GDPR","https://www.oobit.com/legal/privacy-notice","https://ucard.observer/cards/oobit-card/"
"chipper-card","Chipper Card","Web 账户可用，卡片以 App 为主","Chipper Cash（Critical Ideas, Inc.）","Web 账户可用，卡片以 App 为主","No","172","https://apps.apple.com/app/id1353631552","174","https://play.google.com/store/apps/details?id=com.chippercash","需联系客服/邮件/表单","需按流程申请（含身份/视频核验）","https://support.chippercash.com/en/articles/7897054-account-deletion-faqs","3","一般","EEA/UK 数据权利（未写 GDPR 字样）","https://www.chippercash.com/privacy-policy-africa-uk/","https://ucard.observer/cards/chipper-card/"
"orbi-card","Orbi Mastercard","仅 App","Orbi（Argora Payments, S.A.P.I. de C.V.）","仅 App","No","2","https://apps.apple.com/app/id1636735037","174","https://play.google.com/store/apps/details?id=finance.orbi.mobile","需联系客服/邮件/表单","未见 App 内删除说明；可按 ARCO“取消”权利邮件申请；Google Play 声明可申请删除","https://orbi.finance/privacy/","3","一般","一般数据权利 / 他国法规","https://orbi.finance/privacy/","https://ucard.observer/cards/orbi-card/"
"swissborg-card","SwissBorg Crypto Card","Web 账户可用，卡片以 App 为主","SwissBorg: Buy Bitcoin, crypto（SBorg SA）","Web 账户可用，卡片以 App 为主","No","53","https://apps.apple.com/app/id1442483481","165","https://play.google.com/store/apps/details?id=com.swissborg.android","App/网页自助","App：Profile → Settings → Close Account；另可按 GDPR 申请删除数据（受法定保留限制）","https://help.swissborg.com/hc/en-gb/articles/360006070158-Settings","5","较好","明确 GDPR","https://swissborg.com/legal/swissborg-app-privacy-policy","https://ucard.observer/cards/swissborg-card/"
"gate-money-card","Gate Money 全球 Visa 卡","Web 账户可用，卡片以 App 为主","Gate: Buy BTC & ETH（GATE GLOBAL UAB）","Web 账户可用，卡片以 App 为主","No","167","https://apps.apple.com/app/id1294998195","170","https://play.google.com/store/apps/details?id=com.gateio.gateio","App/网页自助","App Account Center→Security→Delete Account","https://www.gate.com/crypto-wiki/article/how-to-delete-my-account-20260106","5","较好","明确 GDPR","https://www.gate.com/legal/privacy-policy","https://ucard.observer/cards/gate-card-global/"
"51vcard","51VCard（VCard 维卡）","纯 Web/PWA","无商店 App（官网“下载 APP”入口 + webapp.51vcard.com 网页端）","纯 Web/PWA","N/A","","","","","未公开","未找到注销/删除渠道","","1","较差","未见数据权利条款","https://www.51vcard.com/legal","https://ucard.observer/cards/51vcard-archive/"
