"plan","asset","spendUSD","nominalRewardUSD","source","verified","assumptions","article"
"ether.fi Core","ETHFI","1000","30","https://help.ether.fi/en/articles/262374-how-does-cashback-work","2026-09-14","每月从零累计；全部为普通合格 USD 消费；单笔大于 1 美元；无退款、活动或类别加成。仅名义奖励等值，未扣任何费用，不计币价变化、逐笔舍入与借款利息；不是持卡实测或到账保证。","https://ucard.observer/articles/ucard-cashback-comparison/"
"Ethena Pay Standard","AVAX","1000","40","https://pay.ethena.fi/pricing","2026-09-14","每月从零累计；全部为普通合格 USD 消费；单笔大于 1 美元；无退款、活动或类别加成。仅名义奖励等值，未扣任何费用，不计币价变化、逐笔舍入与借款利息；不是持卡实测或到账保证。","https://ucard.observer/articles/ucard-cashback-comparison/"
"Plasma One Lite","XPL","1000","10.5","https://intercom.help/plasma-6c43763cd799/en/articles/15506768-cashback-rates-and-spend-bands-by-tier","2026-09-14","每月从零累计；全部为普通合格 USD 消费；单笔大于 1 美元；无退款、活动或类别加成。仅名义奖励等值，未扣任何费用，不计币价变化、逐笔舍入与借款利息；不是持卡实测或到账保证。","https://ucard.observer/articles/ucard-cashback-comparison/"
"ether.fi Core","ETHFI","3000","70","https://help.ether.fi/en/articles/262374-how-does-cashback-work","2026-09-14","每月从零累计；全部为普通合格 USD 消费；单笔大于 1 美元；无退款、活动或类别加成。仅名义奖励等值，未扣任何费用，不计币价变化、逐笔舍入与借款利息；不是持卡实测或到账保证。","https://ucard.observer/articles/ucard-cashback-comparison/"
"Ethena Pay Standard","AVAX","3000","105","https://pay.ethena.fi/pricing","2026-09-14","每月从零累计；全部为普通合格 USD 消费；单笔大于 1 美元；无退款、活动或类别加成。仅名义奖励等值，未扣任何费用，不计币价变化、逐笔舍入与借款利息；不是持卡实测或到账保证。","https://ucard.observer/articles/ucard-cashback-comparison/"
"Plasma One Lite","XPL","3000","12.5","https://intercom.help/plasma-6c43763cd799/en/articles/15506768-cashback-rates-and-spend-bands-by-tier","2026-09-14","每月从零累计；全部为普通合格 USD 消费；单笔大于 1 美元；无退款、活动或类别加成。仅名义奖励等值，未扣任何费用，不计币价变化、逐笔舍入与借款利息；不是持卡实测或到账保证。","https://ucard.observer/articles/ucard-cashback-comparison/"
"ether.fi Core","ETHFI","5000","80","https://help.ether.fi/en/articles/262374-how-does-cashback-work","2026-09-14","每月从零累计；全部为普通合格 USD 消费；单笔大于 1 美元；无退款、活动或类别加成。仅名义奖励等值，未扣任何费用，不计币价变化、逐笔舍入与借款利息；不是持卡实测或到账保证。","https://ucard.observer/articles/ucard-cashback-comparison/"
"Ethena Pay Standard","AVAX","5000","115","https://pay.ethena.fi/pricing","2026-09-14","每月从零累计；全部为普通合格 USD 消费；单笔大于 1 美元；无退款、活动或类别加成。仅名义奖励等值，未扣任何费用，不计币价变化、逐笔舍入与借款利息；不是持卡实测或到账保证。","https://ucard.observer/articles/ucard-cashback-comparison/"
"Plasma One Lite","XPL","5000","14.5","https://intercom.help/plasma-6c43763cd799/en/articles/15506768-cashback-rates-and-spend-bands-by-tier","2026-09-14","每月从零累计；全部为普通合格 USD 消费；单笔大于 1 美元；无退款、活动或类别加成。仅名义奖励等值，未扣任何费用，不计币价变化、逐笔舍入与借款利息；不是持卡实测或到账保证。","https://ucard.observer/articles/ucard-cashback-comparison/"
