BIN,Card Product,Brand,Network,Type,Sponsor Bank,Country,Currency,3D Secure,Stripe Rating,WeChat/Alipay,Status,Risk Level
404038,"RedotPay Visa Virtual","RedotPay",Visa,Debit,"Epay Global / Transact Payments",HK,USD,"支持 (App 内动态确认)",5,"支持",active,"低风险 (Low)"
474447,"RedotPay Visa Physical & Virtual","RedotPay",Visa,Debit,"Transact Payments Limited",HK,USD,"支持 (App 确认)",5,"支持",active,"低风险 (Low)"
536467,"PokePay Mastercard Virtual","PokePay",Mastercard,Prepaid,"Moorwand / Epay Services",HK,USD,"支持 (短信/邮箱验证码)",4,"支持",active,"中低风险 (Low-Med)"
556150,"PokePay Mastercard Pro","PokePay",Mastercard,Prepaid,"Unicard Financial / Moorwand",HK,USD,"支持 (3DS 动态认证)",4,"支持",active,"中低风险 (Low-Med)"
489683,"BingX Card Visa","BingX",Visa,Debit,"Rain Liquidity Inc.",US,USD,"支持 (App 内推送确认)",5,"支持",active,"低风险 (Low)"
485997,"Plasma One / ether.fi Cash Visa","Plasma One",Visa,Debit,"Rain Liquidity Inc.",PR,USD,"支持 (App 实时推送)",5,"支持",active,"低风险 (Low)"
406594,"Bitrefill Card Visa","Bitrefill",Visa,Prepaid,"Transact Payments Malta Limited",MT,EUR,"支持 (Bitrefill App 验证)",4,"条件支持",active,"低风险 (Low)"
493193,"Crypto.com Visa Card","Crypto.com",Visa,Debit,"Metropolitan Commercial Bank",US,USD,"支持 (手机银行 OTP)",5,"支持",active,"极低风险 (Very Low)"
540524,"Nexo Card Dual Mode Mastercard","Nexo",Mastercard,Debit / Credit,"DiPocket Limited",LT,EUR,"支持 (App 双向确认)",5,"支持",active,"低风险 (Low)"
485953,"Bybit Card Mastercard","Bybit",Mastercard,Debit,"Moorwand Limited / Astropay",GB,EUR,"支持",4,"条件支持",active,"低风险 (Low)"
431404,"Wirex One Visa Card","Wirex",Visa,Debit,"Contis Financial Services Ltd",LT,USD,"支持",4,"支持",active,"低风险 (Low)"
408854,"Gnosis Pay Visa Debit","Gnosis Pay",Visa,Debit,"Monerium / SaltPay / Transact",EEA,EUR,"支持",4,"条件支持",active,"低风险 (Low)"
559666,"DuPay Mastercard (Standard)","DuPay",Mastercard,Prepaid,"Depository / BaaS Partner",HK,USD,"支持 (短信验证)",3,"支持",warning,"中高风险 (Medium-High)"
531847,"DuPay 历史代付卡段 (Legacy)","DuPay",Mastercard,Prepaid,"第三方白标代付池 (已终止合作)",US,USD,"无 3DS",1,"已不可用",closed,"已暴雷/死卡 (Graveyard)"
428803,"BitMart Card Visa (已停服)","BitMart",Visa,Prepaid,"PayrNet Limited (牌照已遭立陶宛央行吊销)",LT,EUR,"已不可用",1,"不可用",closed,"已暴雷/死卡 (Graveyard)"
491277,"Cypher Card Visa (已停服)","Cypher",Visa,Prepaid,"BaaS Provider (已拔线)",US,USD,"已不可用",1,"不可用",closed,"已暴雷/死卡 (Graveyard)"
553437,"OneKey Card (已终止发卡)","OneKey",Mastercard,Prepaid,"Allinpay / 合作银行",HK,USD,"已下线",1,"已停服",closed,"已停止 (Closed)"
529567,"HypPay Mastercard Virtual","HypPay",Mastercard,Prepaid,"Epay Financial Services",HK,USD,"支持",3,"支持",active,"中风险 (Medium)"
516416,"Volet (Advcash) Mastercard","Volet",Mastercard,Prepaid,"Wave Crest / Transact Payments",GI,EUR,"支持",4,"条件支持",active,"低风险 (Low)"
456725,"Tangem Pay Visa Virtual","Tangem",Visa,Prepaid,"Rain Liquidity Inc.",US,USD,"支持",5,"条件支持",active,"低风险 (Low)"
410039,"Avalanche Card Visa","Avalanche",Visa,Debit,"Rain Liquidity Inc.",US,USD,"支持",5,"不支持大陆申请",active,"低风险 (Low)"
428836,"Wasabi / N Round Visa (历史卡段)","Wasabi",Visa,Prepaid,"PayrNet (已吊销)",LT,EUR,"不可用",1,"不可用",closed,"已暴雷/死卡 (Graveyard)"