"id","name","kyc","kycLabel","status","statusLabel","sourceCount","verified","profileUrl"
"ether-fi","ether.fi Cash","required","需要 KYC","regional","地区受限 · 资格需核实","11","2026-10-02","https://ucard.observer/cards/ether-fi/"
"ethena-pay","Ethena Pay","required","需要 KYC","regional","地区受限 · 资格需核实","5","2026-09-27","https://ucard.observer/cards/ethena-pay/"
"plasma-one","Plasma One","required","需要 KYC","regional","地区受限 · 资格需核实","9","2026-10-02","https://ucard.observer/cards/plasma-one/"
"redotpay","RedotPay","required","需要 KYC","regional","地区受限 · 资格需核实","16","2026-10-02","https://ucard.observer/cards/redotpay/"
"bybit","Bybit Card","required","需要 KYC","regional","地区受限 · 资格需核实","2","2026-09-27","https://ucard.observer/cards/bybit/"
"crypto-com","Crypto.com Card","required","需要 KYC","regional","地区受限 · 资格需核实","2","2026-09-27","https://ucard.observer/cards/crypto-com/"
"metamask","MetaMask Card","required","需要 KYC","regional","地区受限 · 资格需核实","2","2026-09-27","https://ucard.observer/cards/metamask/"
"gnosis-pay","Gnosis Pay","required","需要 KYC","winddown","运营收尾 · 状态待核","5","2026-09-30","https://ucard.observer/cards/gnosis-pay/"
"nexo","Nexo Card","required","需要 KYC","regional","地区受限 · 资格需核实","2","2026-09-27","https://ucard.observer/cards/nexo/"
"kast","KAST","required","需要 KYC","regional","地区受限 · 资格需核实","2","2026-09-27","https://ucard.observer/cards/kast/"
"tria","Tria Card","required","需要 KYC","regional","地区受限 · 资格需核实","3","2026-09-27","https://ucard.observer/cards/tria/"
"bitget-wallet","Bitget Wallet Card","required","需要 KYC","regional","地区受限 · 资格需核实","4","2026-09-27","https://ucard.observer/cards/bitget-wallet/"
"wirex","Wirex One Card","required","需要 KYC","regional","地区受限 · 资格需核实","5","2026-09-27","https://ucard.observer/cards/wirex/"
"coinbase","Coinbase Card","required","需要 KYC","regional","地区受限 · 资格需核实","4","2026-10-06","https://ucard.observer/cards/coinbase/"
"ready","Ready Card","required","需要 KYC","beta","公开测试 · 地区受限","5","2026-10-04","https://ucard.observer/cards/ready/"
"cypher","Cypher Card","not-applicable","停服 / 不适用","closed","已停服 · 历史档案","2","2026-09-27","https://ucard.observer/cards/cypher/"
"send-card","Send Card","required","需要 KYC","regional","地区受限 · 资格需核实","2","2026-09-27","https://ucard.observer/cards/send-card/"
"cashi","Cashi Card","required","需要 KYC","beta","公开测试 · 地区受限","4","2026-09-27","https://ucard.observer/cards/cashi/"
"kraken-card","Kraken Card","required","需要 KYC","regional","地区受限 · 资格需核实","4","2026-09-27","https://ucard.observer/cards/kraken-card/"
"minipay-card","MiniPay Card","required","需要 KYC","regional","地区受限 · 资格需核实","5","2026-09-27","https://ucard.observer/cards/minipay-card/"
"okx-card","OKX Card","required","需要 KYC","regional","地区受限 · 资格需核实","7","2026-09-27","https://ucard.observer/cards/okx-card/"
"orbitx-pay","OrbitX Pay Card","required","需要 KYC","regional","地区受限 · 资格需核实","3","2026-10-04","https://ucard.observer/cards/orbitx-pay/"
"card-fi","Card.fi","conditional","视发卡方要求核验","review","版本待核","4","2026-10-06","https://ucard.observer/cards/card-fi/"
"moneygram-card","MoneyGram Card","unknown","官方未说明","review","版本待核","2","2026-10-06","https://ucard.observer/cards/moneygram-card/"
"bitmart-card","BitMart Card","not-applicable","停服 / 不适用","closed","已停服 · 历史档案","12","2026-09-28","https://ucard.observer/cards/bitmart-card/"
"moto-card","Moto Card","required","需要 KYC","regional","地区受限 · 资格需核实","3","2026-09-29","https://ucard.observer/cards/moto-card/"
"avalanche-card","Avalanche Card","required","需要 KYC","regional","地区受限 · 资格需核实","3","2026-09-27","https://ucard.observer/cards/avalanche-card/"
"tangem-pay","Tangem Pay","required","需要 KYC","regional","地区受限 · 资格需核实","4","2026-09-27","https://ucard.observer/cards/tangem-pay/"
"naka-plus","NAKA+ Visa Platinum","unknown","官方未说明","regional","地区受限 · 资格需核实","2","2026-10-06","https://ucard.observer/cards/naka-plus/"
"takenos-takecard","Takenos Takecard","required","需要 KYC","regional","地区受限 · 资格需核实","3","2026-09-27","https://ucard.observer/cards/takenos-takecard/"
"western-union-stablecard","Western Union Stablecard","required","需要 KYC","regional","地区受限 · 资格需核实","3","2026-09-27","https://ucard.observer/cards/western-union-stablecard/"
"zar-card","ZAR Visa Card","required","需要 KYC","regional","地区受限 · 资格需核实","4","2026-10-06","https://ucard.observer/cards/zar-card/"
"airtm-card","Airtm USD Virtual Card","required","需要 KYC","regional","地区受限 · 资格需核实","2","2026-09-27","https://ucard.observer/cards/airtm-card/"
"fuse-card","Fuse Card","required","需要 KYC","beta","公开测试 · 地区受限","2","2026-09-27","https://ucard.observer/cards/fuse-card/"
"unifi-card","UniFi Card","required","需要 KYC","regional","地区受限 · 资格需核实","4","2026-09-27","https://ucard.observer/cards/unifi-card/"
"chipper-card","Chipper Card","required","需要 KYC","regional","地区受限 · 资格需核实","4","2026-10-06","https://ucard.observer/cards/chipper-card/"
"roqqu-card","Roqqu Card","required","需要 KYC","regional","地区受限 · 资格需核实","3","2026-10-04","https://ucard.observer/cards/roqqu-card/"
"morse-card","Morse Card","required","需要 KYC","regional","地区受限 · 资格需核实","4","2026-10-06","https://ucard.observer/cards/morse-card/"
"fluyez-card","Fluyez Crypto Visa","required","需要 KYC","regional","地区受限 · 资格需核实","2","2026-10-06","https://ucard.observer/cards/fluyez-card/"
"thera-card","Thera Wallet Visa","required","需要 KYC","regional","地区受限 · 资格需核实","3","2026-10-06","https://ucard.observer/cards/thera-card/"
"phantom-cash-card","Phantom Cash Card","required","需要 KYC","regional","地区受限 · 资格需核实","4","2026-09-27","https://ucard.observer/cards/phantom-cash-card/"
"wayex-card","Wayex Card","required","需要 KYC","regional","地区受限 · 资格需核实","3","2026-10-06","https://ucard.observer/cards/wayex-card/"
"exodus-pay-card","Exodus Pay Card","required","需要 KYC","regional","地区受限 · 资格需核实","4","2026-09-27","https://ucard.observer/cards/exodus-pay-card/"
"dollarize-card","Dollarize Card","required","需要 KYC","regional","地区受限 · 资格需核实","3","2026-10-04","https://ucard.observer/cards/dollarize-card/"
"solid-card","Solid Visa Card","required","需要 KYC","regional","地区受限 · 资格需核实","4","2026-10-01","https://ucard.observer/cards/solid-card/"
"sendwave-card","Sendwave Card","required","需要 KYC","regional","地区受限 · 资格需核实","5","2026-10-06","https://ucard.observer/cards/sendwave-card/"
"gate-card","Gate Card (US)","required","需要 KYC","regional","地区受限 · 资格需核实","3","2026-10-01","https://ucard.observer/cards/gate-card/"
"bitpanda-card","Bitpanda Visa Card","required","需要 KYC","regional","地区受限 · 资格需核实","3","2026-09-27","https://ucard.observer/cards/bitpanda-card/"
"kucard","KuCard","required","需要 KYC","regional","地区受限 · 资格需核实","6","2026-09-27","https://ucard.observer/cards/kucard/"
"ledger-cl-card","Ledger CL Card","required","需要 KYC","regional","地区受限 · 资格需核实","2","2026-09-27","https://ucard.observer/cards/ledger-cl-card/"
"oneinch-card","1inch Card","unknown","官方未说明","regional","地区受限 · 资格需核实","3","2026-09-27","https://ucard.observer/cards/oneinch-card/"
"tevau-card","Tevau Card","required","需要 KYC","regional","地区受限 · 资格需核实","2","2026-09-27","https://ucard.observer/cards/tevau-card/"
"spay-card","SPay Visa Card","required","需要 KYC","regional","地区受限 · 资格需核实","3","2026-10-04","https://ucard.observer/cards/spay-card/"
"gigbanc-card","Gigbanc Card（运营收尾中）","unknown","官方未说明","winddown","运营收尾 · 状态待核","3","2026-09-27","https://ucard.observer/cards/gigbanc-card/"
"binance-card-global","Binance Card Global","required","需要 KYC","regional","地区受限 · 资格需核实","5","2026-09-27","https://ucard.observer/cards/binance-card-global/"
"mexc-card","MEXC Card（Global / APAC）","required","需要 KYC","regional","地区受限 · 资格需核实","5","2026-09-30","https://ucard.observer/cards/mexc-card/"
"pionex-card","Pionex Visa Card","required","需要 KYC","regional","地区受限 · 资格需核实","4","2026-09-27","https://ucard.observer/cards/pionex-card/"
"bit2me-card","Bit2Me Card","required","需要 KYC","regional","地区受限 · 资格需核实","4","2026-09-27","https://ucard.observer/cards/bit2me-card/"
"whitebit-nova","WhiteBIT Nóva Card","required","需要 KYC","regional","地区受限 · 资格需核实","3","2026-09-27","https://ucard.observer/cards/whitebit-nova/"
"jupiter-card","Jupiter Card","required","需要 KYC","regional","地区受限 · 资格需核实","3","2026-09-29","https://ucard.observer/cards/jupiter-card/"
"safepal-fiat24-card","SafePal / Fiat24 Mastercard","required","需要 KYC","regional","地区受限 · 资格需核实","3","2026-09-27","https://ucard.observer/cards/safepal-fiat24-card/"
"trustee-plus-card","Trustee Plus Card","required","需要 KYC","regional","地区受限 · 资格需核实","4","2026-09-27","https://ucard.observer/cards/trustee-plus-card/"
"hi-debit-card","hi Debit Mastercard","not-applicable","停服 / 不适用","closed","已停服 · 历史档案","4","2026-10-04","https://ucard.observer/cards/hi-debit-card/"
"uphold-card","Uphold Debit Card","required","需要 KYC","regional","地区受限 · 资格需核实","4","2026-09-27","https://ucard.observer/cards/uphold-card/"
"gate-card-global","Gate Card（国际版）","required","需要 KYC","regional","地区受限 · 资格需核实","3","2026-09-27","https://ucard.observer/cards/gate-card-global/"
"solayer-pay","Solayer Pay（Solayer Emerald）","unknown","官方未说明","regional","地区受限 · 资格需核实","3","2026-10-04","https://ucard.observer/cards/solayer-pay/"
"pokepay-card","PokePay Card","required","需要 KYC","regional","地区受限 · 资格需核实","4","2026-09-29","https://ucard.observer/cards/pokepay-card/"
"biyapay-easycard","BiyaPay EasyCard","required","需要 KYC","regional","地区受限 · 资格需核实","4","2026-10-04","https://ucard.observer/cards/biyapay-easycard/"
"xapo-bank-card","Xapo Bank Card","required","需要 KYC","regional","地区受限 · 资格需核实","3","2026-09-29","https://ucard.observer/cards/xapo-bank-card/"
"bitget-exchange-card","Bitget Card（交易所卡）","required","需要 KYC","winddown","运营收尾 · 状态待核","4","2026-10-04","https://ucard.observer/cards/bitget-exchange-card/"
"exa-card","Exa Card","required","需要 KYC","regional","地区受限 · 资格需核实","5","2026-09-29","https://ucard.observer/cards/exa-card/"
"coca-card","COCA Mastercard","unknown","官方未说明","regional","地区受限 · 资格需核实","2","2026-09-29","https://ucard.observer/cards/coca-card/"
"holyheld-card","Holyheld Card","required","需要 KYC","regional","地区受限 · 资格需核实","2","2026-10-04","https://ucard.observer/cards/holyheld-card/"
"karta-card","Karta Visa Card","required","需要 KYC","regional","地区受限 · 资格需核实","3","2026-09-29","https://ucard.observer/cards/karta-card/"
"kolo-card","Kolo Card","required","需要 KYC","regional","地区受限 · 资格需核实","2","2026-09-29","https://ucard.observer/cards/kolo-card/"
"hyperbeat-pay","Hyperbeat Pay Card","unknown","官方未说明","regional","地区受限 · 资格需核实","4","2026-09-29","https://ucard.observer/cards/hyperbeat-pay/"
"vaultleap-card","VaultLeap Card","required","需要 KYC","regional","地区受限 · 资格需核实","3","2026-09-29","https://ucard.observer/cards/vaultleap-card/"
"solflare-card","Solflare Card","required","需要 KYC","regional","地区受限 · 资格需核实","3","2026-09-29","https://ucard.observer/cards/solflare-card/"
"tuyo-card","Tuyo Card","required","需要 KYC","regional","地区受限 · 资格需核实","2","2026-09-29","https://ucard.observer/cards/tuyo-card/"
"avici-card","Avici Card","required","需要 KYC","regional","地区受限 · 资格需核实","5","2026-09-29","https://ucard.observer/cards/avici-card/"
"blofin-wallet-card","BloFin Wallet Card","required","需要 KYC","regional","地区受限 · 资格需核实","2","2026-09-29","https://ucard.observer/cards/blofin-wallet-card/"
"revuto-virtual-card","Revuto Virtual Card","required","需要 KYC","regional","地区受限 · 资格需核实","3","2026-10-04","https://ucard.observer/cards/revuto-virtual-card/"
"ripio-card-brazil","Ripio Card（巴西）","required","需要 KYC","regional","地区受限 · 资格需核实","3","2026-09-29","https://ucard.observer/cards/ripio-card-brazil/"
"pexx-mastercard","PEXX Mastercard","required","需要 KYC","regional","地区受限 · 资格需核实","3","2026-09-29","https://ucard.observer/cards/pexx-mastercard/"
"maxswap-card","MaxSwap Card","unknown","官方未说明","regional","地区受限 · 资格需核实","1","2026-10-04","https://ucard.observer/cards/maxswap-card/"
"offramp-card","Offramp Visa Card","required","需要 KYC","regional","地区受限 · 资格需核实","2","2026-09-29","https://ucard.observer/cards/offramp-card/"
"fizen-card","Fizen Card","required","需要 KYC","beta","公开测试 · 地区受限","3","2026-10-04","https://ucard.observer/cards/fizen-card/"
"infini-card-archive","Infini Global / Lite / Tech Card（历史档案）","not-applicable","停服 / 不适用","closed","已停服 · 历史档案","4","2026-09-29","https://ucard.observer/cards/infini-card-archive/"
"dupay-card-archive","DuPay Card（历史档案）","not-applicable","停服 / 不适用","closed","已停服 · 历史档案","2","2026-09-29","https://ucard.observer/cards/dupay-card-archive/"
"morph-black-archive","Morph Black Card（历史档案）","not-applicable","停服 / 不适用","closed","已停服 · 历史档案","1","2026-09-29","https://ucard.observer/cards/morph-black-archive/"
"morph-platinum-archive","Morph Platinum Card（历史档案）","not-applicable","停服 / 不适用","closed","已停服 · 历史档案","1","2026-09-29","https://ucard.observer/cards/morph-platinum-archive/"
"infini-personal-card","Infini Pro / AI / Max Card","required","需要 KYC","regional","地区受限 · 资格需核实","2","2026-09-29","https://ucard.observer/cards/infini-personal-card/"
"busha-card","Busha Card","required","需要 KYC","regional","地区受限 · 资格需核实","2","2026-09-29","https://ucard.observer/cards/busha-card/"
"blofin-exchange-card","BloFin Card（交易所卡）","required","需要 KYC","regional","地区受限 · 资格需核实","1","2026-10-04","https://ucard.observer/cards/blofin-exchange-card/"
"lbank-card","LBank Card","required","需要 KYC","regional","地区受限 · 资格需核实","4","2026-09-30","https://ucard.observer/cards/lbank-card/"
"moonagents-card","MoonAgents Card","required","需要 KYC","regional","地区受限 · 资格需核实","2","2026-10-04","https://ucard.observer/cards/moonagents-card/"
"pulsar-card","Pulsar Money Card","required","需要 KYC","regional","地区受限 · 资格需核实","2","2026-10-07","https://ucard.observer/cards/pulsar-card/"
"xportal-card","xPortal Card","required","需要 KYC","regional","地区受限 · 资格需核实","2","2026-10-07","https://ucard.observer/cards/xportal-card/"
"decaf-card","Decaf Card","required","需要 KYC","regional","地区受限 · 资格需核实","2","2026-10-07","https://ucard.observer/cards/decaf-card/"
"casher-card","CasherCard","conditional","视发卡方要求核验","review","版本待核","2","2026-10-07","https://ucard.observer/cards/casher-card/"
"nebeus-card","Nebeus Card","not-applicable","停服 / 不适用","closed","已停服 · 历史档案","3","2026-10-04","https://ucard.observer/cards/nebeus-card/"
"youhodler-crypto-card","YouHodler Crypto Card","required","需要 KYC","beta","公开测试 · 地区受限","1","2026-10-04","https://ucard.observer/cards/youhodler-crypto-card/"
"trastra-card","TRASTRA Visa Card","not-applicable","停服 / 不适用","closed","已停服 · 历史档案","4","2026-10-04","https://ucard.observer/cards/trastra-card/"
"cexio-card","CEX.IO Card（项目转换中）","unknown","官方未说明","winddown","运营收尾 · 状态待核","2","2026-09-29","https://ucard.observer/cards/cexio-card/"
"bingx-card","BingX Card","conditional","视发卡方要求核验","regional","地区受限 · 资格需核实","5","2026-10-02","https://ucard.observer/cards/bingx-card/"
"bitrefill-card","Bitrefill Card","required","需要 KYC","regional","地区受限 · 资格需核实","3","2026-10-02","https://ucard.observer/cards/bitrefill-card/"
"anodos-card","Anodos Card","required","需要 KYC","regional","地区受限 · 资格需核实","4","2026-10-02","https://ucard.observer/cards/anodos-card/"
"solcard","SolCard","conditional","视发卡方要求核验","regional","地区受限 · 资格需核实","3","2026-10-03","https://ucard.observer/cards/solcard/"
"bleap-card","Bleap Card","required","需要 KYC","regional","地区受限 · 资格需核实","3","2026-10-04","https://ucard.observer/cards/bleap-card/"
"kem-card","Kem Card","required","需要 KYC","regional","地区受限 · 资格需核实","3","2026-10-05","https://ucard.observer/cards/kem-card/"
"bitsa-card","Bitsa Card","required","需要 KYC","regional","地区受限 · 资格需核实","3","2026-10-07","https://ucard.observer/cards/bitsa-card/"
"fold-card","Fold Card","required","需要 KYC","regional","地区受限 · 资格需核实","3","2026-10-07","https://ucard.observer/cards/fold-card/"
"reap-card","Reap Card","required","需要 KYC","regional","地区受限 · 资格需核实","3","2026-10-07","https://ucard.observer/cards/reap-card/"
"thorwallet-card","THORWallet Card","required","需要 KYC","regional","地区受限 · 资格需核实","3","2026-10-08","https://ucard.observer/cards/thorwallet-card/"
"tonhub-card","Tonhub Card","required","需要 KYC","regional","地区受限 · 资格需核实","3","2026-10-09","https://ucard.observer/cards/tonhub-card/"
"rizon-card","Rizon Card","required","需要 KYC","regional","地区受限 · 资格需核实","3","2026-10-09","https://ucard.observer/cards/rizon-card/"
"oobit-card","Oobit Card","required","需要 KYC","regional","地区受限 · 资格需核实","3","2026-10-09","https://ucard.observer/cards/oobit-card/"
